district,division,area_km2,population_2023,pop_density,mean_elev_m,mean_slope_deg,govt_pvt_institutions,facility_count,beds_per_1000,doctors_per_1000,accessibility_min,centroid_shift_km,terrain_difficulty,terrain,gap_score,need_tier,pop_2029,fac_nd29,beds_nd29,pop_2031,fac_nd31,beds_nd31,pop_2046,fac_nd46,beds_nd46
Abbottabad,Hazara Division,1639.52,1397587,852.44,1453.2,23.35,193,203,5.022,0.293,10.4,4.17,0.4799,plains,4.52,Low,1487988,0,26,1519402,0,57,1777150,0,315
Bajaur,Malakand Division,1366.31,1283113,939.11,1211.0,17.96,33,4,0.592,0.077,13.54,1.21,0.3642,plains,56.45,High,1515464,47,940,1601913,50,1027,2428513,77,1854
Bannu,Bannu Division,2027.75,1354674,668.07,474.7,5.77,228,19,0.881,0.207,5.29,4.81,0.0783,plains,18.39,Low,1520493,32,606,1580159,34,666,2108991,52,1195
Battagram,Hazara Division,1485.18,553285,372.54,2397.8,27.69,81,9,4.663,0.114,65.46,13.01,0.6693,mountainous,26.94,Moderate,643356,13,469,676527,14,503,986372,24,812
Buner,Malakand Division,1774.05,1016674,573.08,1036.2,20.24,71,21,2.772,0.226,9.16,3.85,0.3775,plains,20.96,Low,1154917,18,802,1205056,20,852,1657409,35,1304
Charsadda,Peshawar Division,999.14,1835136,1836.72,346.2,1.86,102,57,2.177,0.196,5.5,2.02,0.0004,plains,43.12,Moderate,2091671,13,1402,2184918,16,1495,3030388,45,2340
Lower Chitral,Malakand Division,6077.27,318234,52.36,3463.6,31.02,45,4,1.254,0.233,27.73,13.29,0.8585,mountainous,29.9,Moderate,366488,9,63,384148,9,81,546742,15,244
Upper Chitral,Malakand Division,8615.42,195161,22.65,4237.0,28.78,31,5,0.533,0.056,42.3,26.27,0.9226,mountainous,48.66,High,225488,3,161,236611,3,173,339517,7,276
Dera Ismail Khan,Dera Ismail Khan Division,9028.55,1822916,201.91,343.1,4.44,123,31,1.059,0.107,22.66,21.87,0.0405,plains,27.28,Moderate,1969957,35,1095,2021561,37,1147,2454212,51,1579
Hangu,Kohat Division,1372.02,525623,383.1,987.9,10.16,34,1,0.708,0.133,21.88,3.32,0.2131,plains,35.9,Moderate,535876,17,286,539338,17,289,566026,18,316
Haripur,Hazara Division,1953.9,1173056,600.37,698.3,13.91,111,55,2.096,0.246,7.09,4.56,0.2348,plains,18.18,Low,1376607,0,671,1452023,0,746,2166215,18,1460
Karak,Kohat Division,2648.39,815150,307.79,689.9,10.98,55,7,2.376,0.281,27.4,8.87,0.1877,plains,15.24,Low,943245,25,326,990270,27,373,1426335,41,809
Khyber,Peshawar Division,2747.43,1145982,417.11,1381.8,20.53,60,3,0.679,0.159,10.43,21.72,0.4265,plains,38.51,Moderate,1335184,42,819,1404955,44,889,2058596,66,1543
Kohat,Kohat Division,3438.5,1234579,359.05,570.0,10.79,87,48,1.27,0.176,8.44,8.23,0.1693,plains,23.91,Low,1372060,0,702,1421209,0,751,1850520,14,1181
Lower Kohistan,Hazara Division,823.48,303305,368.32,2714.9,33.71,14,3,0.396,0.023,37.75,9.96,0.8046,mountainous,65.02,High,509996,14,452,606451,18,548,2223379,72,2165
Upper Kohistan,Hazara Division,5484.73,374183,68.22,3383.3,32.75,22,0,0.064,0.04,183.16,7.0,0.8753,mountainous,100.0,Critical,515473,18,499,573562,20,558,1277571,43,1262
Kolai Palas Kohistan,Hazara Division,1229.72,236726,192.5,3061.3,32.08,11,0,0.0,0.017,87.02,24.34,0.8234,mountainous,78.16,Critical,241250,9,241,242777,9,243,254543,9,255
Kurram,Kohat Division,3398.38,785434,231.12,1735.5,17.68,87,5,0.756,0.097,20.74,13.56,0.4271,plains,35.37,Moderate,1003167,29,561,1088414,32,646,2006562,62,1565
Lakki Marwat,Bannu Division,3339.82,1036300,310.29,385.5,3.99,72,0,0.901,0.142,48.37,1.21,0.0389,plains,35.07,Moderate,1196117,40,640,1254690,42,699,1795797,60,1240
Lower Dir,Malakand Division,1604.74,1648620,1027.34,1269.8,18.75,128,27,3.666,0.166,7.12,2.45,0.3841,plains,26.96,Moderate,1895123,37,1035,1985225,40,1125,2812561,67,1953
Malakand,Malakand Division,905.7,825377,911.31,759.2,16.5,80,31,5.8,0.327,18.97,2.93,0.2833,plains,0.0,Low,950441,1,430,996207,3,476,1417529,17,898
Mansehra,Hazara Division,4032.01,1789624,443.85,2408.2,24.01,192,44,1.293,0.163,17.38,33.79,0.6129,mountainous,36.19,Moderate,2068173,25,1126,2170344,29,1228,3115955,60,2174
Mardan,Mardan Division,1636.41,2740692,1674.82,430.8,6.19,201,122,2.504,0.23,9.01,6.95,0.0792,plains,36.9,Moderate,3170946,0,1950,3328882,0,2108,4793139,38,3572
Mohmand,Peshawar Division,2261.95,553933,244.89,910.6,16.86,56,0,0.444,0.148,49.91,0.58,0.3083,plains,40.39,Moderate,647149,22,465,681585,23,500,1005512,34,824
North Waziristan,Bannu Division,4929.68,693137,140.6,1442.8,14.32,290,0,0.626,0.26,58.3,20.42,0.3368,plains,3.27,Low,889658,30,472,966847,33,549,1804543,61,1387
Nowshera,Peshawar Division,1725.71,1735689,1005.78,458.0,7.65,80,44,1.154,0.286,5.19,7.51,0.1056,plains,30.79,Moderate,1987142,23,883,2078809,26,975,2915461,54,1811
Orakzai,Kohat Division,1369.89,387561,282.91,1582.6,21.68,66,0,0.717,0.046,84.9,3.65,0.4703,plains,52.63,High,591329,20,313,680757,23,403,1957559,66,1680
Peshawar,Peshawar Division,1539.07,4750388,3086.53,462.6,4.67,276,663,4.177,0.619,0.73,8.7,0.0595,plains,29.51,Moderate,5219755,0,0,5386300,0,76,6816999,0,1507
Shangla,Malakand Division,1384.21,890846,643.58,1763.9,28.46,57,4,1.98,0.139,55.82,4.16,0.6,mountainous,51.48,High,1045690,31,592,1103070,33,649,1646659,51,1193
South Waziristan,Dera Ismail Khan Division,6224.41,888675,142.77,1488.4,15.58,80,0,0.589,0.055,24.94,8.01,0.3624,plains,38.73,Moderate,1170498,40,663,1283059,43,776,2554561,86,2048
Swabi,Mardan Division,1480.46,1890230,1276.79,458.4,6.4,130,46,1.734,0.163,9.84,4.04,0.0861,plains,38.74,Moderate,2204112,28,904,2319922,32,1020,3406208,68,2106
Swat,Malakand Division,5348.33,2686076,502.23,2800.7,26.41,182,98,3.527,0.309,36.98,42.74,0.701,mountainous,25.34,Moderate,3128067,7,1506,3291005,12,1669,4816403,63,3194
Tank,Dera Ismail Khan Division,2818.78,470293,166.84,479.6,7.04,86,2,0.81,0.121,42.49,10.6,0.0988,plains,23.23,Low,518059,16,292,535036,16,309,681414,21,455
Torghar,Hazara Division,454.38,200445,441.14,1307.8,28.52,14,0,0.2,0.015,60.97,1.91,0.5424,mountainous,65.81,High,234583,8,235,247208,9,247,366282,13,366
Upper Dir,Malakand Division,3731.82,1082416,290.05,2639.6,28.1,67,7,0.774,0.104,60.73,22.95,0.7068,mountainous,58.38,High,1238443,35,700,1295299,37,757,1813739,54,1276
